"poids","taille","imc"
53.5,160,20.8984375
74.4,172,25.1487290427258
52.6,151,23.069163633174
88.6,163,33.3471338778275
49.2,169,17.2262875949722
